Model,AUC,ALIFT
Enhanced (Real),0.7755454520795262,2.1710440968331803
Baseline (Prob Only),0.7746046711293442,2.1576960647870687
Oracle (Perfect),0.8645527859028459,2.4062476526409107
