Model,Features,AUC,ALIFT
Enhanced LightGBM,Base + Duration Probs,0.7755454520795262,2.1710440968331803
Enhanced (Real),,0.7755454520795262,2.1710440968331803
Oracle (Perfect),,0.8645527859028459,2.4062476526409107
