Model,Features,AUC,ALIFT
Enhanced LightGBM,Base + Duration Probs,0.7824440837393744,2.1705641113116174
Enhanced (Real),,0.7824440837393744,2.1705641113116174
Oracle (Perfect),,0.8645527859028459,2.4062476526409107
