Model,AUC,ALIFT
Enhanced (Real),0.7700182690999585,2.1380440685275137
Baseline (Prob Only),0.7688076730381981,2.1352894636274624
Oracle (Perfect),0.8664964086366492,2.4014931606440433
